<ImportExportXml version="9.2.23062.176" SolutionPackageVersion="9.2" languagecode="1027" generatedBy="CrmLive" xmlns:xsi="http://www.w3.org/2001/XMLSchema-instance">
  <SolutionManifest>
    <UniqueName>PFCPartial</UniqueName>
    <LocalizedNames>
      <LocalizedName description="PFC-Partial" languagecode="1027" />
    </LocalizedNames>
    <Descriptions />
    <Version>1.0.0.1</Version>
    <Managed>1</Managed>
    <Publisher>
      <UniqueName>GenCaPolitFi</UniqueName>
      <LocalizedNames>
        <LocalizedName description="GenCaPolitFi" languagecode="1027" />
      </LocalizedNames>
      <Descriptions>
        <Description description="GenCaPolitFi" languagecode="1027" />
      </Descriptions>
      <EMailAddress xsi:nil="true"></EMailAddress>
      <SupportingWebsiteUrl xsi:nil="true"></SupportingWebsiteUrl>
      <CustomizationPrefix>pfc</CustomizationPrefix>
      <CustomizationOptionValuePrefix>47000</CustomizationOptionValuePrefix>
      <Addresses>
        <Address>
          <AddressNumber>1</AddressNumber>
          <AddressTypeCode>1</AddressTypeCode>
          <City xsi:nil="true"></City>
          <County xsi:nil="true"></County>
          <Country xsi:nil="true"></Country>
          <Fax xsi:nil="true"></Fax>
          <FreightTermsCode xsi:nil="true"></FreightTermsCode>
          <ImportSequenceNumber xsi:nil="true"></ImportSequenceNumber>
          <Latitude xsi:nil="true"></Latitude>
          <Line1 xsi:nil="true"></Line1>
          <Line2 xsi:nil="true"></Line2>
          <Line3 xsi:nil="true"></Line3>
          <Longitude xsi:nil="true"></Longitude>
          <Name xsi:nil="true"></Name>
          <PostalCode xsi:nil="true"></PostalCode>
          <PostOfficeBox xsi:nil="true"></PostOfficeBox>
          <PrimaryContactName xsi:nil="true"></PrimaryContactName>
          <ShippingMethodCode>1</ShippingMethodCode>
          <StateOrProvince xsi:nil="true"></StateOrProvince>
          <Telephone1 xsi:nil="true"></Telephone1>
          <Telephone2 xsi:nil="true"></Telephone2>
          <Telephone3 xsi:nil="true"></Telephone3>
          <TimeZoneRuleVersionNumber xsi:nil="true"></TimeZoneRuleVersionNumber>
          <UPSZone xsi:nil="true"></UPSZone>
          <UTCOffset xsi:nil="true"></UTCOffset>
          <UTCConversionTimeZoneCode xsi:nil="true"></UTCConversionTimeZoneCode>
        </Address>
        <Address>
          <AddressNumber>2</AddressNumber>
          <AddressTypeCode>1</AddressTypeCode>
          <City xsi:nil="true"></City>
          <County xsi:nil="true"></County>
          <Country xsi:nil="true"></Country>
          <Fax xsi:nil="true"></Fax>
          <FreightTermsCode xsi:nil="true"></FreightTermsCode>
          <ImportSequenceNumber xsi:nil="true"></ImportSequenceNumber>
          <Latitude xsi:nil="true"></Latitude>
          <Line1 xsi:nil="true"></Line1>
          <Line2 xsi:nil="true"></Line2>
          <Line3 xsi:nil="true"></Line3>
          <Longitude xsi:nil="true"></Longitude>
          <Name xsi:nil="true"></Name>
          <PostalCode xsi:nil="true"></PostalCode>
          <PostOfficeBox xsi:nil="true"></PostOfficeBox>
          <PrimaryContactName xsi:nil="true"></PrimaryContactName>
          <ShippingMethodCode>1</ShippingMethodCode>
          <StateOrProvince xsi:nil="true"></StateOrProvince>
          <Telephone1 xsi:nil="true"></Telephone1>
          <Telephone2 xsi:nil="true"></Telephone2>
          <Telephone3 xsi:nil="true"></Telephone3>
          <TimeZoneRuleVersionNumber xsi:nil="true"></TimeZoneRuleVersionNumber>
          <UPSZone xsi:nil="true"></UPSZone>
          <UTCOffset xsi:nil="true"></UTCOffset>
          <UTCConversionTimeZoneCode xsi:nil="true"></UTCConversionTimeZoneCode>
        </Address>
      </Addresses>
    </Publisher>
    <RootComponents>
      <RootComponent type="1" schemaName="pfc_answer" behavior="0" />
      <RootComponent type="1" schemaName="pfc_informationrequirement" behavior="0" />
      <RootComponent type="1" schemaName="pfc_query_dgt" behavior="2" />
      <RootComponent type="1" schemaName="pfc_tax_transcendence_operation" behavior="2" />
      <RootComponent type="61" schemaName="pfc_informationrequirementribbon" behavior="0" />
      <RootComponent type="62" schemaName="pfc_CTTIFiscalidaddePoliticaFiscalCorpor" behavior="0" />
      <RootComponent type="80" schemaName="cr9eb_CTTIFormacion" behavior="0" />
      <RootComponent type="80" schemaName="pfc_CTTIFiscalidaddePoliticaFiscalCorpor" behavior="0" />
      <RootComponent type="91" id="{336c4a1e-a822-4b81-9bac-b6ce8fcdc4b4}" schemaName="MPFC.Plugins, Version=1.0.0.0, Culture=neutral, PublicKeyToken=75cc2d627631382b" behavior="0" />
      <RootComponent type="92" id="{24d0a40d-c9ae-ed11-aacf-002248a1c671}" behavior="0" />
      <RootComponent type="92" id="{7af15575-d81f-ee11-9966-000d3adb6fa9}" behavior="0" />
      <RootComponent type="92" id="{949a9d9b-cfa6-ed11-aad1-000d3adf7052}" behavior="0" />
      <RootComponent type="92" id="{c2d1a7ac-9b19-ee11-8f6d-000d3adea4bc}" behavior="0" />
      <RootComponent type="92" id="{f2acce18-80d8-ed11-a7c7-000d3adf90aa}" behavior="0" />
    </RootComponents>
    <MissingDependencies>
      <MissingDependency>
        <Required type="1" schemaName="list" displayName="Llista de màrqueting" solution="msdynce_Marketing (9.0.4.37)">
          <package>msdynce_MarketingAnchor (9.0.23062.10001)</package>
        </Required>
        <Dependent type="80" schemaName="cr9eb_CTTIFormacion" displayName="CTTI - Comunicació" />
      </MissingDependency>
      <MissingDependency>
        <Required type="1" schemaName="msdyncrm_customerjourney" displayName="Recorregut del client" solution="MicrosoftDynamics_Marketing (1.95.2016.0)">
          <package>MicrosoftDynamics_MktCompleteAnchorSolution (1.95.2016.0)</package>
        </Required>
        <Dependent type="80" schemaName="cr9eb_CTTIFormacion" displayName="CTTI - Comunicació" />
      </MissingDependency>
      <MissingDependency>
        <Required type="1" schemaName="msdyncrm_customerjourneytemplate" displayName="Plantilla de recorregut del client" solution="MicrosoftDynamics_Marketing (1.95.2016.0)">
          <package>MicrosoftDynamics_MktCompleteAnchorSolution (1.95.2016.0)</package>
        </Required>
        <Dependent type="80" schemaName="cr9eb_CTTIFormacion" displayName="CTTI - Comunicació" />
      </MissingDependency>
      <MissingDependency>
        <Required type="1" schemaName="msdyncrm_marketingemail" displayName="Correu electrònic de màrqueting" solution="MicrosoftDynamics_Marketing (1.95.2016.0)">
          <package>MicrosoftDynamics_MktCompleteAnchorSolution (1.95.2016.0)</package>
        </Required>
        <Dependent type="80" schemaName="cr9eb_CTTIFormacion" displayName="CTTI - Comunicació" />
      </MissingDependency>
      <MissingDependency>
        <Required type="1" schemaName="msdyncrm_marketingemailtemplate" displayName="Plantilla de correu electrònic de màrqueting" solution="MicrosoftDynamics_Marketing (1.95.2016.0)">
          <package>MicrosoftDynamics_MktCompleteAnchorSolution (1.95.2016.0)</package>
        </Required>
        <Dependent type="80" schemaName="cr9eb_CTTIFormacion" displayName="CTTI - Comunicació" />
      </MissingDependency>
      <MissingDependency>
        <Required type="1" schemaName="msdyncrm_marketingform" displayName="Formulari de màrqueting" solution="MicrosoftDynamics_Marketing (1.95.2016.0)">
          <package>MicrosoftDynamics_MktCompleteAnchorSolution (1.95.2016.0)</package>
        </Required>
        <Dependent type="80" schemaName="cr9eb_CTTIFormacion" displayName="CTTI - Comunicació" />
      </MissingDependency>
      <MissingDependency>
        <Required type="1" schemaName="msdyncrm_marketingformtemplate" displayName="Plantilla de formulari de màrqueting" solution="MicrosoftDynamics_Marketing (1.95.2016.0)">
          <package>MicrosoftDynamics_MktCompleteAnchorSolution (1.95.2016.0)</package>
        </Required>
        <Dependent type="80" schemaName="cr9eb_CTTIFormacion" displayName="CTTI - Comunicació" />
      </MissingDependency>
      <MissingDependency>
        <Required type="1" schemaName="msdyncrm_marketingpage" displayName="Pàgina de màrqueting" solution="MicrosoftDynamics_Marketing (1.95.2016.0)">
          <package>MicrosoftDynamics_MktCompleteAnchorSolution (1.95.2016.0)</package>
        </Required>
        <Dependent type="80" schemaName="cr9eb_CTTIFormacion" displayName="CTTI - Comunicació" />
      </MissingDependency>
      <MissingDependency>
        <Required type="1" schemaName="msdyncrm_marketingpagetemplate" displayName="Plantilla de pàgina de màrqueting" solution="MicrosoftDynamics_Marketing (1.95.2016.0)">
          <package>MicrosoftDynamics_MktCompleteAnchorSolution (1.95.2016.0)</package>
        </Required>
        <Dependent type="80" schemaName="cr9eb_CTTIFormacion" displayName="CTTI - Comunicació" />
      </MissingDependency>
      <MissingDependency>
        <Required type="1" schemaName="msdyncrm_segment" displayName="Segment" solution="MicrosoftDynamics_Marketing (1.95.2016.0)">
          <package>MicrosoftDynamics_MktCompleteAnchorSolution (1.95.2016.0)</package>
        </Required>
        <Dependent type="80" schemaName="cr9eb_CTTIFormacion" displayName="CTTI - Comunicació" />
      </MissingDependency>
      <MissingDependency>
        <Required type="1" schemaName="msdynmkt_email" displayName="Correu electrònic" solution="DynamicsMKT_EmailChannel (1.1.25335.69)">
          <package>DynamicsMKT_AnchorSolution (1.1.25335.69)</package>
        </Required>
        <Dependent type="80" schemaName="cr9eb_CTTIFormacion" displayName="CTTI - Comunicació" />
      </MissingDependency>
      <MissingDependency>
        <Required type="1" schemaName="msdynmkt_emailtemplate" displayName="Plantilla de correu electrònic" solution="DynamicsMKT_EmailChannel (1.1.25335.69)">
          <package>DynamicsMKT_AnchorSolution (1.1.25335.69)</package>
        </Required>
        <Dependent type="80" schemaName="cr9eb_CTTIFormacion" displayName="CTTI - Comunicació" />
      </MissingDependency>
      <MissingDependency>
        <Required type="1" schemaName="msdynmkt_journey" displayName="Recorregut" solution="DynamicsMKT_CxpOrchestrationUI (1.1.25335.69)">
          <package>DynamicsMKT_AnchorSolution (1.1.25335.69)</package>
        </Required>
        <Dependent type="80" schemaName="cr9eb_CTTIFormacion" displayName="CTTI - Comunicació" />
      </MissingDependency>
      <MissingDependency>
        <Required type="1" schemaName="msdynmkt_virtualsegment" displayName="Segment" solution="DynamicsMKT_CxpOrchestrationUI (1.1.25335.69)">
          <package>DynamicsMKT_AnchorSolution (1.1.25335.69)</package>
        </Required>
        <Dependent type="80" schemaName="cr9eb_CTTIFormacion" displayName="CTTI - Comunicació" />
      </MissingDependency>
      <MissingDependency>
        <Required type="1" schemaName="msevtmgt_checkin" displayName="Registre d'entrada" solution="MicrosoftDynamics_EventManagement (1.51.25334.0)">
          <package>MicrosoftDynamics_MktCompleteAnchorSolution (1.95.2016.0)</package>
        </Required>
        <Dependent type="80" schemaName="cr9eb_CTTIFormacion" displayName="CTTI - Comunicació" />
      </MissingDependency>
      <MissingDependency>
        <Required type="1" schemaName="msevtmgt_event" displayName="Curs" solution="MicrosoftDynamics_EventManagement (1.51.25334.0)">
          <package>MicrosoftDynamics_MktCompleteAnchorSolution (1.95.2016.0)</package>
        </Required>
        <Dependent type="80" schemaName="cr9eb_CTTIFormacion" displayName="CTTI - Comunicació" />
      </MissingDependency>
      <MissingDependency>
        <Required type="1" schemaName="msevtmgt_eventregistration" displayName="Registre d'esdeveniment" solution="MicrosoftDynamics_EventManagement (1.51.25334.0)">
          <package>MicrosoftDynamics_MktCompleteAnchorSolution (1.95.2016.0)</package>
        </Required>
        <Dependent type="80" schemaName="cr9eb_CTTIFormacion" displayName="CTTI - Comunicació" />
      </MissingDependency>
      <MissingDependency>
        <Required type="1" schemaName="pfc_ambit" displayName="Àmbit" solution="Active" />
        <Dependent type="60" displayName="Informació" parentDisplayName="Operació d'especial transcendència tributària" id="{2912be2f-46f1-42e1-9713-0ee97924e292}" />
      </MissingDependency>
      <MissingDependency>
        <Required type="1" schemaName="pfc_ambit" displayName="Àmbit" solution="Active" />
        <Dependent type="62" schemaName="pfc_CTTIFiscalidaddePoliticaFiscalCorpor" />
      </MissingDependency>
      <MissingDependency>
        <Required type="1" schemaName="pfc_ambit" displayName="Àmbit" solution="Active" />
        <Dependent type="80" schemaName="pfc_CTTIFiscalidaddePoliticaFiscalCorpor" displayName="CTTI V1 - Fiscalidad de Politica Fiscal Corporativa" />
      </MissingDependency>
      <MissingDependency>
        <Required type="1" schemaName="pfc_companylevel" displayName="Càrrec" solution="Active" />
        <Dependent type="62" schemaName="pfc_CTTIFiscalidaddePoliticaFiscalCorpor" />
      </MissingDependency>
      <MissingDependency>
        <Required type="1" schemaName="pfc_companylevel" displayName="Càrrec" solution="Active" />
        <Dependent type="80" schemaName="pfc_CTTIFiscalidaddePoliticaFiscalCorpor" displayName="CTTI V1 - Fiscalidad de Politica Fiscal Corporativa" />
      </MissingDependency>
      <MissingDependency>
        <Required type="1" schemaName="pfc_contact_query_relationship" displayName="Contact Query Relationship" solution="Active" />
        <Dependent type="1" schemaName="pfc_informationrequirement" displayName="Sol·licitud" />
      </MissingDependency>
      <MissingDependency>
        <Required type="1" schemaName="pfc_contact_query_relationship" displayName="Contact Query Relationship" solution="Active" />
        <Dependent type="10" schemaName="pfc_contact_query_rel_requeriment" displayName="pfc_contact_query_rel_requeriment" parentSchemaName="pfc_contact_query_relationship" parentDisplayName="Contact Query Relationship" />
      </MissingDependency>
      <MissingDependency>
        <Required type="1" schemaName="pfc_departamental_agrupation" displayName="Departament d'adscripció" solution="Active" />
        <Dependent type="62" schemaName="pfc_CTTIFiscalidaddePoliticaFiscalCorpor" />
      </MissingDependency>
      <MissingDependency>
        <Required type="1" schemaName="pfc_departamental_agrupation" displayName="Departament d'adscripció" solution="Active" />
        <Dependent type="80" schemaName="pfc_CTTIFiscalidaddePoliticaFiscalCorpor" displayName="CTTI V1 - Fiscalidad de Politica Fiscal Corporativa" />
      </MissingDependency>
      <MissingDependency>
        <Required type="1" schemaName="pfc_entityambit" displayName="Àmbit d'entitat" solution="Active" />
        <Dependent type="62" schemaName="pfc_CTTIFiscalidaddePoliticaFiscalCorpor" />
      </MissingDependency>
      <MissingDependency>
        <Required type="1" schemaName="pfc_entityambit" displayName="Àmbit d'entitat" solution="Active" />
        <Dependent type="80" schemaName="pfc_CTTIFiscalidaddePoliticaFiscalCorpor" displayName="CTTI V1 - Fiscalidad de Politica Fiscal Corporativa" />
      </MissingDependency>
      <MissingDependency>
        <Required type="1" schemaName="pfc_historyofstates" displayName="Històric d'estats" solution="Active" />
        <Dependent type="60" displayName="Informació" parentDisplayName="Operació d'especial transcendència tributària" id="{2912be2f-46f1-42e1-9713-0ee97924e292}" />
      </MissingDependency>
      <MissingDependency>
        <Required type="1" schemaName="pfc_impost" displayName="Impost" solution="Active" />
        <Dependent type="80" schemaName="pfc_CTTIFiscalidaddePoliticaFiscalCorpor" displayName="CTTI V1 - Fiscalidad de Politica Fiscal Corporativa" />
      </MissingDependency>
      <MissingDependency>
        <Required type="1" schemaName="pfc_model" displayName="Model" solution="Active" />
        <Dependent type="80" schemaName="pfc_CTTIFiscalidaddePoliticaFiscalCorpor" displayName="CTTI V1 - Fiscalidad de Politica Fiscal Corporativa" />
      </MissingDependency>
      <MissingDependency>
        <Required type="1" schemaName="pfc_news" displayName="Novetat" solution="Active" />
        <Dependent type="80" schemaName="pfc_CTTIFiscalidaddePoliticaFiscalCorpor" displayName="CTTI V1 - Fiscalidad de Politica Fiscal Corporativa" />
      </MissingDependency>
      <MissingDependency>
        <Required type="1" schemaName="pfc_periodicobligation" displayName="Obligació periòdica" solution="Active" />
        <Dependent type="80" schemaName="pfc_CTTIFiscalidaddePoliticaFiscalCorpor" displayName="CTTI V1 - Fiscalidad de Politica Fiscal Corporativa" />
      </MissingDependency>
      <MissingDependency>
        <Required type="1" schemaName="pfc_portasignatures" displayName="Portasignature" solution="Active" />
        <Dependent type="62" schemaName="pfc_CTTIFiscalidaddePoliticaFiscalCorpor" />
      </MissingDependency>
      <MissingDependency>
        <Required type="1" schemaName="pfc_portasignatures" displayName="Portasignature" solution="Active" />
        <Dependent type="80" schemaName="pfc_CTTIFiscalidaddePoliticaFiscalCorpor" displayName="CTTI V1 - Fiscalidad de Politica Fiscal Corporativa" />
      </MissingDependency>
      <MissingDependency>
        <Required type="1" schemaName="pfc_procedure" displayName="Procediment" solution="Active" />
        <Dependent type="80" schemaName="pfc_CTTIFiscalidaddePoliticaFiscalCorpor" displayName="CTTI V1 - Fiscalidad de Politica Fiscal Corporativa" />
      </MissingDependency>
      <MissingDependency>
        <Required type="1" schemaName="pfc_processlogs" displayName="Registres de procés" solution="Active" />
        <Dependent type="62" schemaName="pfc_CTTIFiscalidaddePoliticaFiscalCorpor" />
      </MissingDependency>
      <MissingDependency>
        <Required type="1" schemaName="pfc_processlogs" displayName="Registres de procés" solution="Active" />
        <Dependent type="80" schemaName="pfc_CTTIFiscalidaddePoliticaFiscalCorpor" displayName="CTTI V1 - Fiscalidad de Politica Fiscal Corporativa" />
      </MissingDependency>
      <MissingDependency>
        <Required type="1" schemaName="pfc_query" displayName="Consulta" solution="Active" />
        <Dependent type="62" schemaName="pfc_CTTIFiscalidaddePoliticaFiscalCorpor" />
      </MissingDependency>
      <MissingDependency>
        <Required type="1" schemaName="pfc_query" displayName="Consulta" solution="Active" />
        <Dependent type="80" schemaName="cr9eb_CTTIFormacion" displayName="CTTI - Comunicació" />
      </MissingDependency>
      <MissingDependency>
        <Required type="1" schemaName="pfc_query" displayName="Consulta" solution="Active" />
        <Dependent type="80" schemaName="pfc_CTTIFiscalidaddePoliticaFiscalCorpor" displayName="CTTI V1 - Fiscalidad de Politica Fiscal Corporativa" />
      </MissingDependency>
      <MissingDependency>
        <Required type="1" schemaName="pfc_query" displayName="Consulta" solution="Active" />
        <Dependent type="92" displayName="MPFC.Plugins.Plugins.QueryUpdatePostOperation: Update of pfc_query" id="{24d0a40d-c9ae-ed11-aacf-002248a1c671}" />
      </MissingDependency>
      <MissingDependency>
        <Required type="1" schemaName="pfc_query" displayName="Consulta" solution="Active" />
        <Dependent type="92" displayName="MPFC.Plugins.Plugins.QueryUpdatePreOperationPlugin: Update of pfc_query" id="{949a9d9b-cfa6-ed11-aad1-000d3adf7052}" />
      </MissingDependency>
      <MissingDependency>
        <Required type="1" schemaName="pfc_query" displayName="Consulta" solution="Active" />
        <Dependent type="93" id="{88b88ac5-c9ae-ed11-aad0-000d3adf7228}" />
      </MissingDependency>
      <MissingDependency>
        <Required type="1" schemaName="pfc_query_dgt" displayName="Consulta DGT" solution="Active" />
        <Dependent type="1" schemaName="pfc_query_dgt" displayName="Consulta DGT" />
      </MissingDependency>
      <MissingDependency>
        <Required type="1" schemaName="pfc_recipient" displayName="Destinatari" solution="Active" />
        <Dependent type="80" schemaName="pfc_CTTIFiscalidaddePoliticaFiscalCorpor" displayName="CTTI V1 - Fiscalidad de Politica Fiscal Corporativa" />
      </MissingDependency>
      <MissingDependency>
        <Required type="1" schemaName="pfc_risk" displayName="Risc" solution="Active" />
        <Dependent type="80" schemaName="pfc_CTTIFiscalidaddePoliticaFiscalCorpor" displayName="CTTI V1 - Fiscalidad de Politica Fiscal Corporativa" />
      </MissingDependency>
      <MissingDependency>
        <Required type="1" schemaName="pfc_settings" displayName="Configuració" solution="Active" />
        <Dependent type="62" schemaName="pfc_CTTIFiscalidaddePoliticaFiscalCorpor" />
      </MissingDependency>
      <MissingDependency>
        <Required type="1" schemaName="pfc_settings" displayName="Configuració" solution="Active" />
        <Dependent type="80" schemaName="pfc_CTTIFiscalidaddePoliticaFiscalCorpor" displayName="CTTI V1 - Fiscalidad de Politica Fiscal Corporativa" />
      </MissingDependency>
      <MissingDependency>
        <Required type="1" schemaName="pfc_tax_transcendence_operation" displayName="Operació d'especial transcendència tributària" solution="Active" />
        <Dependent type="1" schemaName="pfc_tax_transcendence_operation" displayName="Operació d'especial transcendència tributària" />
      </MissingDependency>
      <MissingDependency>
        <Required type="1" schemaName="pfc_trainingrequest" displayName="Sol·licitud de formació" solution="Active" />
        <Dependent type="80" schemaName="cr9eb_CTTIFormacion" displayName="CTTI - Comunicació" />
      </MissingDependency>
      <MissingDependency>
        <Required type="1" schemaName="pfc_trainingrequest" displayName="Sol·licitud de formació" solution="Active" />
        <Dependent type="80" schemaName="pfc_CTTIFiscalidaddePoliticaFiscalCorpor" displayName="CTTI V1 - Fiscalidad de Politica Fiscal Corporativa" />
      </MissingDependency>
      <MissingDependency>
        <Required type="10" schemaName="pfc_pfc_tax_transcendence_operation_accountid_account" displayName="pfc_pfc_tax_transcendence_operation_accountid_account" parentSchemaName="account" parentDisplayName="Entitat" solution="Active" />
        <Dependent type="60" displayName="Informació" parentDisplayName="Operació d'especial transcendència tributària" id="{2912be2f-46f1-42e1-9713-0ee97924e292}" />
      </MissingDependency>
      <MissingDependency>
        <Required type="10" schemaName="pfc_contact_pfc_tax_transcendence_operation_Responsable" displayName="pfc_contact_pfc_tax_transcendence_operation_Responsable" parentSchemaName="contact" parentDisplayName="Contacte" solution="Active" />
        <Dependent type="60" displayName="Informació" parentDisplayName="Operació d'especial transcendència tributària" id="{2912be2f-46f1-42e1-9713-0ee97924e292}" />
      </MissingDependency>
      <MissingDependency>
        <Required type="10" schemaName="pfc_pfc_tax_transcendence_operation_applicantid_contact" displayName="pfc_pfc_tax_transcendence_operation_applicantid_contact" parentSchemaName="contact" parentDisplayName="Contacte" solution="Active" />
        <Dependent type="60" displayName="Informació" parentDisplayName="Operació d'especial transcendència tributària" id="{2912be2f-46f1-42e1-9713-0ee97924e292}" />
      </MissingDependency>
      <MissingDependency>
        <Required type="10" schemaName="pfc_tax_transcendence_operation_Contact_C" displayName="pfc_tax_transcendence_operation_Contact_C" parentSchemaName="contact" parentDisplayName="Contacte" solution="Active" />
        <Dependent type="60" displayName="Informació" parentDisplayName="Operació d'especial transcendència tributària" id="{2912be2f-46f1-42e1-9713-0ee97924e292}" />
      </MissingDependency>
      <MissingDependency>
        <Required type="10" schemaName="pfc_pfc_departamental_agrupation_pfc_tax_transcendence_operation_enrollmentdepartmentid" displayName="pfc_pfc_departamental_agrupation_pfc_tax_transcendence_operation_enrollmentdepartmentid" parentSchemaName="pfc_departamental_agrupation" parentDisplayName="Departament d'adscripció" solution="Active" />
        <Dependent type="60" displayName="Informació" parentDisplayName="Operació d'especial transcendència tributària" id="{2912be2f-46f1-42e1-9713-0ee97924e292}" />
      </MissingDependency>
      <MissingDependency>
        <Required type="10" schemaName="pfc_pfc_historyofstates_tax_transcendence_ope" displayName="pfc_pfc_historyofstates_tax_transcendence_ope" parentSchemaName="pfc_tax_transcendence_operation" parentDisplayName="Operació d'especial transcendència tributària" solution="Active" />
        <Dependent type="60" displayName="Informació" parentDisplayName="Operació d'especial transcendència tributària" id="{2912be2f-46f1-42e1-9713-0ee97924e292}" />
      </MissingDependency>
      <MissingDependency>
        <Required type="10" schemaName="pfc_pfc_tax_transcendence_operation_pfc_ambit" displayName="pfc_pfc_tax_transcendence_operation_pfc_ambit" parentSchemaName="pfc_tax_transcendence_operation" parentDisplayName="Operació d'especial transcendència tributària" solution="Active" />
        <Dependent type="60" displayName="Informació" parentDisplayName="Operació d'especial transcendència tributària" id="{2912be2f-46f1-42e1-9713-0ee97924e292}" />
      </MissingDependency>
      <MissingDependency>
        <Required type="2" schemaName="msft_datastate" displayName="msft_DataState" parentSchemaName="pfc_answer" parentDisplayName="Resposta" solution="Basic" />
        <Dependent type="2" schemaName="msft_datastate" displayName="msft_DataState" parentSchemaName="pfc_answer" parentDisplayName="Resposta" />
      </MissingDependency>
      <MissingDependency>
        <Required type="2" schemaName="pfc_contact_query_relationshipid" displayName="Contact Query Relationship" parentSchemaName="pfc_contact_query_relationship" parentDisplayName="Contact Query Relationship" solution="Active" />
        <Dependent type="10" schemaName="pfc_contact_query_rel_requeriment" displayName="pfc_contact_query_rel_requeriment" parentSchemaName="pfc_contact_query_relationship" parentDisplayName="Contact Query Relationship" />
      </MissingDependency>
      <MissingDependency>
        <Required type="2" schemaName="pfc_name" displayName="Codi" parentSchemaName="pfc_contact_query_relationship" parentDisplayName="Contact Query Relationship" solution="Active" />
        <Dependent type="10" schemaName="pfc_contact_query_rel_requeriment" displayName="pfc_contact_query_rel_requeriment" parentSchemaName="pfc_contact_query_relationship" parentDisplayName="Contact Query Relationship" />
      </MissingDependency>
      <MissingDependency>
        <Required type="2" schemaName="msft_datastate" displayName="msft_DataState" parentSchemaName="pfc_informationrequirement" parentDisplayName="Sol·licitud" solution="Basic" />
        <Dependent type="2" schemaName="msft_datastate" displayName="msft_DataState" parentSchemaName="pfc_informationrequirement" parentDisplayName="Sol·licitud" />
      </MissingDependency>
      <MissingDependency>
        <Required type="2" schemaName="pfc_accountid" displayName="Entitat" parentSchemaName="pfc_query" parentDisplayName="Consulta" solution="Active" />
        <Dependent type="92" displayName="MPFC.Plugins.Plugins.QueryUpdatePreOperationPlugin: Update of pfc_query" id="{949a9d9b-cfa6-ed11-aad1-000d3adf7052}" />
      </MissingDependency>
      <MissingDependency>
        <Required type="2" schemaName="statuscode" displayName="Estat" parentSchemaName="pfc_query" parentDisplayName="Consulta" solution="Active" />
        <Dependent type="92" displayName="MPFC.Plugins.Plugins.QueryUpdatePostOperation: Update of pfc_query" id="{24d0a40d-c9ae-ed11-aacf-002248a1c671}" />
      </MissingDependency>
      <MissingDependency>
        <Required type="2" schemaName="modifiedon" displayName="Data de modificació" parentSchemaName="pfc_query_dgt" parentDisplayName="Consulta DGT" solution="Active" />
        <Dependent type="26" schemaName="Portals: Les meves Consultes DGT" displayName="Portals: Les meves Consultes DGT" parentSchemaName="pfc_query_dgt" parentDisplayName="Consulta DGT" id="{b57b9054-6421-ee11-9966-000d3adf90aa}" />
      </MissingDependency>
      <MissingDependency>
        <Required type="2" schemaName="pfc_accountid" displayName="Entitat" parentSchemaName="pfc_query_dgt" parentDisplayName="Consulta DGT" solution="Active" />
        <Dependent type="26" schemaName="Portals: Les meves Consultes DGT" displayName="Portals: Les meves Consultes DGT" parentSchemaName="pfc_query_dgt" parentDisplayName="Consulta DGT" id="{b57b9054-6421-ee11-9966-000d3adf90aa}" />
      </MissingDependency>
      <MissingDependency>
        <Required type="2" schemaName="pfc_name" displayName="Codi" parentSchemaName="pfc_query_dgt" parentDisplayName="Consulta DGT" solution="Active" />
        <Dependent type="26" schemaName="Portals: Les meves Consultes DGT" displayName="Portals: Les meves Consultes DGT" parentSchemaName="pfc_query_dgt" parentDisplayName="Consulta DGT" id="{b57b9054-6421-ee11-9966-000d3adf90aa}" />
      </MissingDependency>
      <MissingDependency>
        <Required type="2" schemaName="pfc_objectofthequery" displayName="Objecte de la consulta" parentSchemaName="pfc_query_dgt" parentDisplayName="Consulta DGT" solution="Active" />
        <Dependent type="26" schemaName="Portals: Les meves Consultes DGT" displayName="Portals: Les meves Consultes DGT" parentSchemaName="pfc_query_dgt" parentDisplayName="Consulta DGT" id="{b57b9054-6421-ee11-9966-000d3adf90aa}" />
      </MissingDependency>
      <MissingDependency>
        <Required type="2" schemaName="pfc_query_dgtid" displayName="Consulta DGT" parentSchemaName="pfc_query_dgt" parentDisplayName="Consulta DGT" solution="Active" />
        <Dependent type="26" schemaName="Portals: Les meves Consultes DGT" displayName="Portals: Les meves Consultes DGT" parentSchemaName="pfc_query_dgt" parentDisplayName="Consulta DGT" id="{b57b9054-6421-ee11-9966-000d3adf90aa}" />
      </MissingDependency>
      <MissingDependency>
        <Required type="2" schemaName="statuscode" displayName="Estat" parentSchemaName="pfc_query_dgt" parentDisplayName="Consulta DGT" solution="Active" />
        <Dependent type="26" schemaName="Portals: Les meves Consultes DGT" displayName="Portals: Les meves Consultes DGT" parentSchemaName="pfc_query_dgt" parentDisplayName="Consulta DGT" id="{b57b9054-6421-ee11-9966-000d3adf90aa}" />
      </MissingDependency>
      <MissingDependency>
        <Required type="2" schemaName="createdby" displayName="Autor" parentSchemaName="pfc_tax_transcendence_operation" parentDisplayName="Operació d'especial transcendència tributària" solution="Active" />
        <Dependent type="60" displayName="Informació" parentDisplayName="Operació d'especial transcendència tributària" id="{2912be2f-46f1-42e1-9713-0ee97924e292}" />
      </MissingDependency>
      <MissingDependency>
        <Required type="2" schemaName="createdon" displayName="Data de creació" parentSchemaName="pfc_tax_transcendence_operation" parentDisplayName="Operació d'especial transcendència tributària" solution="Active" />
        <Dependent type="60" displayName="Informació" parentDisplayName="Operació d'especial transcendència tributària" id="{2912be2f-46f1-42e1-9713-0ee97924e292}" />
      </MissingDependency>
      <MissingDependency>
        <Required type="2" schemaName="modifiedby" displayName="Modificat per" parentSchemaName="pfc_tax_transcendence_operation" parentDisplayName="Operació d'especial transcendència tributària" solution="Active" />
        <Dependent type="60" displayName="Informació" parentDisplayName="Operació d'especial transcendència tributària" id="{2912be2f-46f1-42e1-9713-0ee97924e292}" />
      </MissingDependency>
      <MissingDependency>
        <Required type="2" schemaName="modifiedon" displayName="Data de modificació" parentSchemaName="pfc_tax_transcendence_operation" parentDisplayName="Operació d'especial transcendència tributària" solution="Active" />
        <Dependent type="60" displayName="Informació" parentDisplayName="Operació d'especial transcendència tributària" id="{2912be2f-46f1-42e1-9713-0ee97924e292}" />
      </MissingDependency>
      <MissingDependency>
        <Required type="2" schemaName="ownerid" displayName="Propietari" parentSchemaName="pfc_tax_transcendence_operation" parentDisplayName="Operació d'especial transcendència tributària" solution="Active" />
        <Dependent type="60" displayName="Informació" parentDisplayName="Operació d'especial transcendència tributària" id="{2912be2f-46f1-42e1-9713-0ee97924e292}" />
      </MissingDependency>
      <MissingDependency>
        <Required type="2" schemaName="pfc_acceptance_date" displayName="Data acceptació" parentSchemaName="pfc_tax_transcendence_operation" parentDisplayName="Operació d'especial transcendència tributària" solution="Active" />
        <Dependent type="60" displayName="Informació" parentDisplayName="Operació d'especial transcendència tributària" id="{2912be2f-46f1-42e1-9713-0ee97924e292}" />
      </MissingDependency>
      <MissingDependency>
        <Required type="2" schemaName="pfc_accountid" displayName="Entitat" parentSchemaName="pfc_tax_transcendence_operation" parentDisplayName="Operació d'especial transcendència tributària" solution="Active" />
        <Dependent type="60" displayName="Informació" parentDisplayName="Operació d'especial transcendència tributària" id="{2912be2f-46f1-42e1-9713-0ee97924e292}" />
      </MissingDependency>
      <MissingDependency>
        <Required type="2" schemaName="pfc_applicantid" displayName="Sol·licitant" parentSchemaName="pfc_tax_transcendence_operation" parentDisplayName="Operació d'especial transcendència tributària" solution="Active" />
        <Dependent type="60" displayName="Informació" parentDisplayName="Operació d'especial transcendència tributària" id="{2912be2f-46f1-42e1-9713-0ee97924e292}" />
      </MissingDependency>
      <MissingDependency>
        <Required type="2" schemaName="pfc_applicationconditions" displayName="Condicionants d’aplicació" parentSchemaName="pfc_tax_transcendence_operation" parentDisplayName="Operació d'especial transcendència tributària" solution="Active" />
        <Dependent type="60" displayName="Informació" parentDisplayName="Operació d'especial transcendència tributària" id="{2912be2f-46f1-42e1-9713-0ee97924e292}" />
      </MissingDependency>
      <MissingDependency>
        <Required type="2" schemaName="pfc_budgetacceptancedate" displayName="Acceptació del pressupost" parentSchemaName="pfc_tax_transcendence_operation" parentDisplayName="Operació d'especial transcendència tributària" solution="Active" />
        <Dependent type="60" displayName="Informació" parentDisplayName="Operació d'especial transcendència tributària" id="{2912be2f-46f1-42e1-9713-0ee97924e292}" />
      </MissingDependency>
      <MissingDependency>
        <Required type="2" schemaName="pfc_closing_date" displayName="Data tancament" parentSchemaName="pfc_tax_transcendence_operation" parentDisplayName="Operació d'especial transcendència tributària" solution="Active" />
        <Dependent type="60" displayName="Informació" parentDisplayName="Operació d'especial transcendència tributària" id="{2912be2f-46f1-42e1-9713-0ee97924e292}" />
      </MissingDependency>
      <MissingDependency>
        <Required type="2" schemaName="pfc_consultanthourprice" displayName="Preu hora consultora" parentSchemaName="pfc_tax_transcendence_operation" parentDisplayName="Operació d'especial transcendència tributària" solution="Active" />
        <Dependent type="60" displayName="Informació" parentDisplayName="Operació d'especial transcendència tributària" id="{2912be2f-46f1-42e1-9713-0ee97924e292}" />
      </MissingDependency>
      <MissingDependency>
        <Required type="2" schemaName="pfc_consultantreferraldate" displayName="Derivació a la Consultora" parentSchemaName="pfc_tax_transcendence_operation" parentDisplayName="Operació d'especial transcendència tributària" solution="Active" />
        <Dependent type="60" displayName="Informació" parentDisplayName="Operació d'especial transcendència tributària" id="{2912be2f-46f1-42e1-9713-0ee97924e292}" />
      </MissingDependency>
      <MissingDependency>
        <Required type="2" schemaName="pfc_dedicatedhourstotal" displayName="Hores dedicades totals" parentSchemaName="pfc_tax_transcendence_operation" parentDisplayName="Operació d'especial transcendència tributària" solution="Active" />
        <Dependent type="60" displayName="Informació" parentDisplayName="Operació d'especial transcendència tributària" id="{2912be2f-46f1-42e1-9713-0ee97924e292}" />
      </MissingDependency>
      <MissingDependency>
        <Required type="2" schemaName="pfc_enrollmentdepartmentid" displayName="Departament d'adscripció" parentSchemaName="pfc_tax_transcendence_operation" parentDisplayName="Operació d'especial transcendència tributària" solution="Active" />
        <Dependent type="60" displayName="Informació" parentDisplayName="Operació d'especial transcendència tributària" id="{2912be2f-46f1-42e1-9713-0ee97924e292}" />
      </MissingDependency>
      <MissingDependency>
        <Required type="2" schemaName="pfc_entityhead" displayName="Responsable d'entitat" parentSchemaName="pfc_tax_transcendence_operation" parentDisplayName="Operació d'especial transcendència tributària" solution="Active" />
        <Dependent type="60" displayName="Informació" parentDisplayName="Operació d'especial transcendència tributària" id="{2912be2f-46f1-42e1-9713-0ee97924e292}" />
      </MissingDependency>
      <MissingDependency>
        <Required type="2" schemaName="pfc_estimatedfees" displayName="Honoraris pressupostats" parentSchemaName="pfc_tax_transcendence_operation" parentDisplayName="Operació d'especial transcendència tributària" solution="Active" />
        <Dependent type="60" displayName="Informació" parentDisplayName="Operació d'especial transcendència tributària" id="{2912be2f-46f1-42e1-9713-0ee97924e292}" />
      </MissingDependency>
      <MissingDependency>
        <Required type="2" schemaName="pfc_estimatedhours" displayName="Hores pressupostades" parentSchemaName="pfc_tax_transcendence_operation" parentDisplayName="Operació d'especial transcendència tributària" solution="Active" />
        <Dependent type="60" displayName="Informació" parentDisplayName="Operació d'especial transcendència tributària" id="{2912be2f-46f1-42e1-9713-0ee97924e292}" />
      </MissingDependency>
      <MissingDependency>
        <Required type="2" schemaName="pfc_hideinespaientitats" displayName="Amagar a Espai d'entitats" parentSchemaName="pfc_tax_transcendence_operation" parentDisplayName="Operació d'especial transcendència tributària" solution="Active" />
        <Dependent type="60" displayName="Informació" parentDisplayName="Operació d'especial transcendència tributària" id="{2912be2f-46f1-42e1-9713-0ee97924e292}" />
      </MissingDependency>
      <MissingDependency>
        <Required type="2" schemaName="pfc_hours_dedicated" displayName="Hores dedicades pel responsable" parentSchemaName="pfc_tax_transcendence_operation" parentDisplayName="Operació d'especial transcendència tributària" solution="Active" />
        <Dependent type="60" displayName="Informació" parentDisplayName="Operació d'especial transcendència tributària" id="{2912be2f-46f1-42e1-9713-0ee97924e292}" />
      </MissingDependency>
      <MissingDependency>
        <Required type="2" schemaName="pfc_input_chanel" displayName="Canal d'entrada" parentSchemaName="pfc_tax_transcendence_operation" parentDisplayName="Operació d'especial transcendència tributària" solution="Active" />
        <Dependent type="60" displayName="Informació" parentDisplayName="Operació d'especial transcendència tributària" id="{2912be2f-46f1-42e1-9713-0ee97924e292}" />
      </MissingDependency>
      <MissingDependency>
        <Required type="2" schemaName="pfc_interestedpeople" displayName="Persones interessades" parentSchemaName="pfc_tax_transcendence_operation" parentDisplayName="Operació d'especial transcendència tributària" solution="Active" />
        <Dependent type="60" displayName="Informació" parentDisplayName="Operació d'especial transcendència tributària" id="{2912be2f-46f1-42e1-9713-0ee97924e292}" />
      </MissingDependency>
      <MissingDependency>
        <Required type="2" schemaName="pfc_name" displayName="Codi" parentSchemaName="pfc_tax_transcendence_operation" parentDisplayName="Operació d'especial transcendència tributària" solution="Active" />
        <Dependent type="60" displayName="Informació" parentDisplayName="Operació d'especial transcendència tributària" id="{2912be2f-46f1-42e1-9713-0ee97924e292}" />
      </MissingDependency>
      <MissingDependency>
        <Required type="2" schemaName="pfc_operationcontext" displayName="Antecedents i context que motiva l’operació" parentSchemaName="pfc_tax_transcendence_operation" parentDisplayName="Operació d'especial transcendència tributària" solution="Active" />
        <Dependent type="60" displayName="Informació" parentDisplayName="Operació d'especial transcendència tributària" id="{2912be2f-46f1-42e1-9713-0ee97924e292}" />
      </MissingDependency>
      <MissingDependency>
        <Required type="2" schemaName="pfc_potentialtaximpact" displayName="Potencial impacte tributari " parentSchemaName="pfc_tax_transcendence_operation" parentDisplayName="Operació d'especial transcendència tributària" solution="Active" />
        <Dependent type="60" displayName="Informació" parentDisplayName="Operació d'especial transcendència tributària" id="{2912be2f-46f1-42e1-9713-0ee97924e292}" />
      </MissingDependency>
      <MissingDependency>
        <Required type="2" schemaName="pfc_receptiondate" displayName="Data de recepció" parentSchemaName="pfc_tax_transcendence_operation" parentDisplayName="Operació d'especial transcendència tributària" solution="Active" />
        <Dependent type="60" displayName="Informació" parentDisplayName="Operació d'especial transcendència tributària" id="{2912be2f-46f1-42e1-9713-0ee97924e292}" />
      </MissingDependency>
      <MissingDependency>
        <Required type="2" schemaName="pfc_referredtoconsultant" displayName="Derivat a consultora" parentSchemaName="pfc_tax_transcendence_operation" parentDisplayName="Operació d'especial transcendència tributària" solution="Active" />
        <Dependent type="60" displayName="Informació" parentDisplayName="Operació d'especial transcendència tributària" id="{2912be2f-46f1-42e1-9713-0ee97924e292}" />
      </MissingDependency>
      <MissingDependency>
        <Required type="2" schemaName="pfc_responsedate" displayName="Recepció de la resposta" parentSchemaName="pfc_tax_transcendence_operation" parentDisplayName="Operació d'especial transcendència tributària" solution="Active" />
        <Dependent type="60" displayName="Informació" parentDisplayName="Operació d'especial transcendència tributària" id="{2912be2f-46f1-42e1-9713-0ee97924e292}" />
      </MissingDependency>
      <MissingDependency>
        <Required type="2" schemaName="pfc_sent_date" displayName="Data enviament" parentSchemaName="pfc_tax_transcendence_operation" parentDisplayName="Operació d'especial transcendència tributària" solution="Active" />
        <Dependent type="60" displayName="Informació" parentDisplayName="Operació d'especial transcendència tributària" id="{2912be2f-46f1-42e1-9713-0ee97924e292}" />
      </MissingDependency>
      <MissingDependency>
        <Required type="2" schemaName="pfc_summary" displayName="Resum" parentSchemaName="pfc_tax_transcendence_operation" parentDisplayName="Operació d'especial transcendència tributària" solution="Active" />
        <Dependent type="60" displayName="Informació" parentDisplayName="Operació d'especial transcendència tributària" id="{2912be2f-46f1-42e1-9713-0ee97924e292}" />
      </MissingDependency>
      <MissingDependency>
        <Required type="2" schemaName="pfc_validatordedicatedhours" displayName="Hores dedicades pel validador" parentSchemaName="pfc_tax_transcendence_operation" parentDisplayName="Operació d'especial transcendència tributària" solution="Active" />
        <Dependent type="60" displayName="Informació" parentDisplayName="Operació d'especial transcendència tributària" id="{2912be2f-46f1-42e1-9713-0ee97924e292}" />
      </MissingDependency>
      <MissingDependency>
        <Required type="2" schemaName="statuscode" displayName="Estat" parentSchemaName="pfc_tax_transcendence_operation" parentDisplayName="Operació d'especial transcendència tributària" solution="Active" />
        <Dependent type="60" displayName="Informació" parentDisplayName="Operació d'especial transcendència tributària" id="{2912be2f-46f1-42e1-9713-0ee97924e292}" />
      </MissingDependency>
      <MissingDependency>
        <Required type="20" displayName="APFC Manager" solution="Active" id="{03568bc0-136f-ed11-9561-000d3ab3f701}" />
        <Dependent type="80" schemaName="cr9eb_CTTIFormacion" displayName="CTTI - Comunicació" />
      </MissingDependency>
      <MissingDependency>
        <Required type="20" displayName="APFC Manager" solution="Active" id="{03568bc0-136f-ed11-9561-000d3ab3f701}" />
        <Dependent type="80" schemaName="pfc_CTTIFiscalidaddePoliticaFiscalCorpor" displayName="CTTI V1 - Fiscalidad de Politica Fiscal Corporativa" />
      </MissingDependency>
      <MissingDependency>
        <Required type="20" displayName="Visualitzador" solution="Active" id="{21544511-b5e2-ed11-a7c7-002248a1c671}" />
        <Dependent type="80" schemaName="cr9eb_CTTIFormacion" displayName="CTTI - Comunicació" />
      </MissingDependency>
      <MissingDependency>
        <Required type="20" displayName="Visualitzador" solution="Active" id="{21544511-b5e2-ed11-a7c7-002248a1c671}" />
        <Dependent type="80" schemaName="pfc_CTTIFiscalidaddePoliticaFiscalCorpor" displayName="CTTI V1 - Fiscalidad de Politica Fiscal Corporativa" />
      </MissingDependency>
      <MissingDependency>
        <Required type="20" displayName="APFC Expert User" solution="Active" id="{303f2cb4-9371-ed11-9561-000d3ab3f701}" />
        <Dependent type="80" schemaName="pfc_CTTIFiscalidaddePoliticaFiscalCorpor" displayName="CTTI V1 - Fiscalidad de Politica Fiscal Corporativa" />
      </MissingDependency>
      <MissingDependency>
        <Required type="20" displayName="Administratiu" solution="Active" id="{e08ab78c-3ce3-ed11-a7c7-000d3adf7052}" />
        <Dependent type="80" schemaName="cr9eb_CTTIFormacion" displayName="CTTI - Comunicació" />
      </MissingDependency>
      <MissingDependency>
        <Required type="20" displayName="Administratiu" solution="Active" id="{e08ab78c-3ce3-ed11-a7c7-000d3adf7052}" />
        <Dependent type="80" schemaName="pfc_CTTIFiscalidaddePoliticaFiscalCorpor" displayName="CTTI V1 - Fiscalidad de Politica Fiscal Corporativa" />
      </MissingDependency>
      <MissingDependency>
        <Required type="20" displayName="Entity Manager" solution="Active" id="{fc3d961f-146f-ed11-9561-000d3ab3f701}" />
        <Dependent type="80" schemaName="pfc_CTTIFiscalidaddePoliticaFiscalCorpor" displayName="CTTI V1 - Fiscalidad de Politica Fiscal Corporativa" />
      </MissingDependency>
      <MissingDependency>
        <Required type="26" schemaName="Consultes - Pendent Consultora" displayName="Consultes - Pendent Consultora" parentSchemaName="pfc_query" parentDisplayName="Consulta" solution="Active" id="{0159e1ba-3cac-ed11-aad0-000d3adf7052}" />
        <Dependent type="80" schemaName="pfc_CTTIFiscalidaddePoliticaFiscalCorpor" displayName="CTTI V1 - Fiscalidad de Politica Fiscal Corporativa" />
      </MissingDependency>
      <MissingDependency>
        <Required type="26" schemaName="Consultes a DGT - Finalitzat" displayName="Consultes a DGT - Finalitzat" parentSchemaName="pfc_query_dgt" parentDisplayName="Consulta DGT" solution="Active" id="{045c4635-25b4-ed11-83ff-0022489fa802}" />
        <Dependent type="80" schemaName="pfc_CTTIFiscalidaddePoliticaFiscalCorpor" displayName="CTTI V1 - Fiscalidad de Politica Fiscal Corporativa" />
      </MissingDependency>
      <MissingDependency>
        <Required type="26" schemaName="Departaments actius" displayName="Departaments actius" parentSchemaName="account" parentDisplayName="Entitat" solution="Active" id="{09166d44-156b-ed11-9561-000d3ab3f701}" />
        <Dependent type="80" schemaName="cr9eb_CTTIFormacion" displayName="CTTI - Comunicació" />
      </MissingDependency>
      <MissingDependency>
        <Required type="26" schemaName="Departaments actius" displayName="Departaments actius" parentSchemaName="account" parentDisplayName="Entitat" solution="Active" id="{09166d44-156b-ed11-9561-000d3ab3f701}" />
        <Dependent type="80" schemaName="pfc_CTTIFiscalidaddePoliticaFiscalCorpor" displayName="CTTI V1 - Fiscalidad de Politica Fiscal Corporativa" />
      </MissingDependency>
      <MissingDependency>
        <Required type="26" schemaName="Consultes - Pendent Entitat" displayName="Consultes - Pendent Entitat" parentSchemaName="pfc_query" parentDisplayName="Consulta" solution="Active" id="{0ca3d958-08b1-ed11-83ff-000d3adf7228}" />
        <Dependent type="80" schemaName="pfc_CTTIFiscalidaddePoliticaFiscalCorpor" displayName="CTTI V1 - Fiscalidad de Politica Fiscal Corporativa" />
      </MissingDependency>
      <MissingDependency>
        <Required type="26" schemaName="Entitats sense responsable" displayName="Entitats sense responsable" parentSchemaName="account" parentDisplayName="Entitat" solution="Active" id="{178f3afd-27ef-ed11-8849-000d3adf727d}" />
        <Dependent type="80" schemaName="pfc_CTTIFiscalidaddePoliticaFiscalCorpor" displayName="CTTI V1 - Fiscalidad de Politica Fiscal Corporativa" />
      </MissingDependency>
      <MissingDependency>
        <Required type="26" schemaName="Consultes - En Curs" displayName="Consultes - En Curs" parentSchemaName="pfc_query" parentDisplayName="Consulta" solution="Active" id="{268bf59b-3cac-ed11-aad0-000d3adf7052}" />
        <Dependent type="80" schemaName="pfc_CTTIFiscalidaddePoliticaFiscalCorpor" displayName="CTTI V1 - Fiscalidad de Politica Fiscal Corporativa" />
      </MissingDependency>
      <MissingDependency>
        <Required type="26" schemaName="Consultes - Meves" displayName="Consultes - Meves" parentSchemaName="pfc_query" parentDisplayName="Consulta" solution="Active" id="{2b40cf49-8a69-ed11-9561-000d3ab3f701}" />
        <Dependent type="80" schemaName="pfc_CTTIFiscalidaddePoliticaFiscalCorpor" displayName="CTTI V1 - Fiscalidad de Politica Fiscal Corporativa" />
      </MissingDependency>
      <MissingDependency>
        <Required type="26" schemaName="Actualització massiva" displayName="Actualització massiva" parentSchemaName="pfc_query" parentDisplayName="Consulta" solution="Active" id="{2fa329cd-8891-ed11-aad1-000d3adead20}" />
        <Dependent type="80" schemaName="pfc_CTTIFiscalidaddePoliticaFiscalCorpor" displayName="CTTI V1 - Fiscalidad de Politica Fiscal Corporativa" />
      </MissingDependency>
      <MissingDependency>
        <Required type="26" schemaName="Visualització associada de Consulta DGT" displayName="Visualització associada de Consulta DGT" parentSchemaName="pfc_query_dgt" parentDisplayName="Consulta DGT" solution="Active" id="{30eeaa7e-d1a3-44a9-bc83-69d500e9a28e}" />
        <Dependent type="80" schemaName="pfc_CTTIFiscalidaddePoliticaFiscalCorpor" displayName="CTTI V1 - Fiscalidad de Politica Fiscal Corporativa" />
      </MissingDependency>
      <MissingDependency>
        <Required type="26" schemaName="Visualització de cerca del correu electrònic" displayName="Visualització de cerca del correu electrònic" parentSchemaName="msdynmkt_email" parentDisplayName="Correu electrònic" solution="DynamicsMKT_EmailChannel (1.1.25335.69)" id="{36d55147-a5a3-4dfa-9e46-b2f4d930ecd3}">
          <package>DynamicsMKT_AnchorSolution (1.1.25335.69)</package>
        </Required>
        <Dependent type="80" schemaName="cr9eb_CTTIFormacion" displayName="CTTI - Comunicació" />
      </MissingDependency>
      <MissingDependency>
        <Required type="26" schemaName="Consultes a DGT - Pendent de validació" displayName="Consultes a DGT - Pendent de validació" parentSchemaName="pfc_query_dgt" parentDisplayName="Consulta DGT" solution="Active" id="{37cf7aa8-25b4-ed11-83ff-002248a2c9f5}" />
        <Dependent type="80" schemaName="pfc_CTTIFiscalidaddePoliticaFiscalCorpor" displayName="CTTI V1 - Fiscalidad de Politica Fiscal Corporativa" />
      </MissingDependency>
      <MissingDependency>
        <Required type="26" schemaName="Consultes - Pendent DGT" displayName="Consultes - Pendent DGT" parentSchemaName="pfc_query" parentDisplayName="Consulta" solution="Active" id="{3c046677-08b1-ed11-83ff-000d3adf7228}" />
        <Dependent type="80" schemaName="pfc_CTTIFiscalidaddePoliticaFiscalCorpor" displayName="CTTI V1 - Fiscalidad de Politica Fiscal Corporativa" />
      </MissingDependency>
      <MissingDependency>
        <Required type="26" schemaName="Consultes - Totes" displayName="Consultes - Totes" parentSchemaName="pfc_query" parentDisplayName="Consulta" solution="Active" id="{406fedef-60ac-ed11-aad0-000d3adf7052}" />
        <Dependent type="80" schemaName="pfc_CTTIFiscalidaddePoliticaFiscalCorpor" displayName="CTTI V1 - Fiscalidad de Politica Fiscal Corporativa" />
      </MissingDependency>
      <MissingDependency>
        <Required type="26" schemaName="Operacions de transcendència tributaria - Finalitzada" displayName="Operacions de transcendència tributaria - Finalitzada" parentSchemaName="pfc_tax_transcendence_operation" parentDisplayName="Operació d'especial transcendència tributària" solution="Active" id="{432d7bcc-77cd-ed11-b597-000d3adea4bc}" />
        <Dependent type="80" schemaName="pfc_CTTIFiscalidaddePoliticaFiscalCorpor" displayName="CTTI V1 - Fiscalidad de Politica Fiscal Corporativa" />
      </MissingDependency>
      <MissingDependency>
        <Required type="26" schemaName="Entitats sense responsable de formació" displayName="Entitats sense responsable de formació" parentSchemaName="account" parentDisplayName="Entitat" solution="Active" id="{4bb28f56-f1fa-ed11-8849-000d3adf90aa}" />
        <Dependent type="80" schemaName="cr9eb_CTTIFormacion" displayName="CTTI - Comunicació" />
      </MissingDependency>
      <MissingDependency>
        <Required type="26" schemaName="Operacions de transcendència tributaria - Pendent Entitat" displayName="Operacions de transcendència tributaria - Pendent Entitat" parentSchemaName="pfc_tax_transcendence_operation" parentDisplayName="Operació d'especial transcendència tributària" solution="Active" id="{4f30a5ac-76cd-ed11-b597-000d3adea4bc}" />
        <Dependent type="80" schemaName="pfc_CTTIFiscalidaddePoliticaFiscalCorpor" displayName="CTTI V1 - Fiscalidad de Politica Fiscal Corporativa" />
      </MissingDependency>
      <MissingDependency>
        <Required type="26" schemaName="Visualització de cerca de Operacion de transcendència tributaria" displayName="Visualització de cerca de Operacion de transcendència tributaria" parentSchemaName="pfc_tax_transcendence_operation" parentDisplayName="Operació d'especial transcendència tributària" solution="Active" id="{4f596426-b1ed-425f-8393-92d36b742c79}" />
        <Dependent type="80" schemaName="pfc_CTTIFiscalidaddePoliticaFiscalCorpor" displayName="CTTI V1 - Fiscalidad de Politica Fiscal Corporativa" />
      </MissingDependency>
      <MissingDependency>
        <Required type="26" schemaName="Operacions de transcendència tributaria - Totes" displayName="Operacions de transcendència tributaria - Totes" parentSchemaName="pfc_tax_transcendence_operation" parentDisplayName="Operació d'especial transcendència tributària" solution="Active" id="{5ca5ca81-76cd-ed11-b597-000d3adea4bc}" />
        <Dependent type="80" schemaName="pfc_CTTIFiscalidaddePoliticaFiscalCorpor" displayName="CTTI V1 - Fiscalidad de Politica Fiscal Corporativa" />
      </MissingDependency>
      <MissingDependency>
        <Required type="26" schemaName="Consultes - En Resposta" displayName="Consultes - En Resposta" parentSchemaName="pfc_query" parentDisplayName="Consulta" solution="Active" id="{618be464-08b1-ed11-83ff-000d3adf7228}" />
        <Dependent type="80" schemaName="pfc_CTTIFiscalidaddePoliticaFiscalCorpor" displayName="CTTI V1 - Fiscalidad de Politica Fiscal Corporativa" />
      </MissingDependency>
      <MissingDependency>
        <Required type="26" schemaName="Consultes a DGT - En Curs" displayName="Consultes a DGT - En Curs" parentSchemaName="pfc_query_dgt" parentDisplayName="Consulta DGT" solution="Active" id="{61d3075d-48fc-4876-8957-84f1b076b8be}" />
        <Dependent type="80" schemaName="pfc_CTTIFiscalidaddePoliticaFiscalCorpor" displayName="CTTI V1 - Fiscalidad de Politica Fiscal Corporativa" />
      </MissingDependency>
      <MissingDependency>
        <Required type="26" schemaName="Consultes a DGT - Pendent de presentació" displayName="Consultes a DGT - Pendent de presentació" parentSchemaName="pfc_query_dgt" parentDisplayName="Consulta DGT" solution="Active" id="{72d55e70-25b4-ed11-83ff-000d3ad9cd83}" />
        <Dependent type="80" schemaName="pfc_CTTIFiscalidaddePoliticaFiscalCorpor" displayName="CTTI V1 - Fiscalidad de Politica Fiscal Corporativa" />
      </MissingDependency>
      <MissingDependency>
        <Required type="26" schemaName="Consultes - Actives" displayName="Consultes - Actives" parentSchemaName="pfc_query" parentDisplayName="Consulta" solution="Active" id="{826f555c-42e9-4504-b8aa-5f6ae22edbee}" />
        <Dependent type="80" schemaName="pfc_CTTIFiscalidaddePoliticaFiscalCorpor" displayName="CTTI V1 - Fiscalidad de Politica Fiscal Corporativa" />
      </MissingDependency>
      <MissingDependency>
        <Required type="26" schemaName="Actualització massiva" displayName="Actualització massiva" parentSchemaName="contact" parentDisplayName="Contacte" solution="Active" id="{829331df-8891-ed11-aad1-000d3adead20}" />
        <Dependent type="60" displayName="Informació" parentDisplayName="Operació d'especial transcendència tributària" id="{2912be2f-46f1-42e1-9713-0ee97924e292}" />
      </MissingDependency>
      <MissingDependency>
        <Required type="26" schemaName="Actualització massiva" displayName="Actualització massiva" parentSchemaName="contact" parentDisplayName="Contacte" solution="Active" id="{829331df-8891-ed11-aad1-000d3adead20}" />
        <Dependent type="80" schemaName="cr9eb_CTTIFormacion" displayName="CTTI - Comunicació" />
      </MissingDependency>
      <MissingDependency>
        <Required type="26" schemaName="Actualització massiva" displayName="Actualització massiva" parentSchemaName="contact" parentDisplayName="Contacte" solution="Active" id="{829331df-8891-ed11-aad1-000d3adead20}" />
        <Dependent type="80" schemaName="pfc_CTTIFiscalidaddePoliticaFiscalCorpor" displayName="CTTI V1 - Fiscalidad de Politica Fiscal Corporativa" />
      </MissingDependency>
      <MissingDependency>
        <Required type="26" schemaName="Consultes - Pendent AEAT" displayName="Consultes - Pendent AEAT" parentSchemaName="pfc_query" parentDisplayName="Consulta" solution="Active" id="{83c2e86a-08b1-ed11-83ff-000d3adf7228}" />
        <Dependent type="80" schemaName="pfc_CTTIFiscalidaddePoliticaFiscalCorpor" displayName="CTTI V1 - Fiscalidad de Politica Fiscal Corporativa" />
      </MissingDependency>
      <MissingDependency>
        <Required type="26" schemaName="Consultes - Inactives" displayName="Consultes - Inactives" parentSchemaName="pfc_query" parentDisplayName="Consulta" solution="Active" id="{86de4569-6cda-4098-8408-51ada79861e5}" />
        <Dependent type="80" schemaName="pfc_CTTIFiscalidaddePoliticaFiscalCorpor" displayName="CTTI V1 - Fiscalidad de Politica Fiscal Corporativa" />
      </MissingDependency>
      <MissingDependency>
        <Required type="26" schemaName="Contactes inscrits en Llistas" displayName="Contactes inscrits en Llistas" parentSchemaName="contact" parentDisplayName="Contacte" solution="Active" id="{87793846-ffcd-ed11-b597-002248a1c671}" />
        <Dependent type="80" schemaName="cr9eb_CTTIFormacion" displayName="CTTI - Comunicació" />
      </MissingDependency>
      <MissingDependency>
        <Required type="26" schemaName="Entitats inactives" displayName="Entitats inactives" parentSchemaName="account" parentDisplayName="Entitat" solution="Active" id="{8874eb9d-f46e-ed11-9561-000d3ab3f701}" />
        <Dependent type="80" schemaName="cr9eb_CTTIFormacion" displayName="CTTI - Comunicació" />
      </MissingDependency>
      <MissingDependency>
        <Required type="26" schemaName="Entitats inactives" displayName="Entitats inactives" parentSchemaName="account" parentDisplayName="Entitat" solution="Active" id="{8874eb9d-f46e-ed11-9561-000d3ab3f701}" />
        <Dependent type="80" schemaName="pfc_CTTIFiscalidaddePoliticaFiscalCorpor" displayName="CTTI V1 - Fiscalidad de Politica Fiscal Corporativa" />
      </MissingDependency>
      <MissingDependency>
        <Required type="26" schemaName="Contactes Responsables" displayName="Contactes Responsables" parentSchemaName="contact" parentDisplayName="Contacte" solution="Active" id="{89f7e45b-4df5-ed11-8849-000d3adf7052}" />
        <Dependent type="60" displayName="Informació" parentDisplayName="Operació d'especial transcendència tributària" id="{2912be2f-46f1-42e1-9713-0ee97924e292}" />
      </MissingDependency>
      <MissingDependency>
        <Required type="26" schemaName="Visualització de cerca avançada de correu electrònic" displayName="Visualització de cerca avançada de correu electrònic" parentSchemaName="msdynmkt_email" parentDisplayName="Correu electrònic" solution="DynamicsMKT_EmailChannel (1.1.25335.69)" id="{8d054fa0-c051-475e-b27c-7281d32ec367}">
          <package>DynamicsMKT_AnchorSolution (1.1.25335.69)</package>
        </Required>
        <Dependent type="80" schemaName="cr9eb_CTTIFormacion" displayName="CTTI - Comunicació" />
      </MissingDependency>
      <MissingDependency>
        <Required type="26" schemaName="Visualització de cerca de Consulta DGT" displayName="Visualització de cerca de Consulta DGT" parentSchemaName="pfc_query_dgt" parentDisplayName="Consulta DGT" solution="Active" id="{92a5c3c9-e18a-4e5f-9c50-74399236e732}" />
        <Dependent type="80" schemaName="pfc_CTTIFiscalidaddePoliticaFiscalCorpor" displayName="CTTI V1 - Fiscalidad de Politica Fiscal Corporativa" />
      </MissingDependency>
      <MissingDependency>
        <Required type="26" schemaName="Departaments inactius" displayName="Departaments inactius" parentSchemaName="account" parentDisplayName="Entitat" solution="Active" id="{a31f1a51-156b-ed11-9561-000d3ab3f701}" />
        <Dependent type="80" schemaName="cr9eb_CTTIFormacion" displayName="CTTI - Comunicació" />
      </MissingDependency>
      <MissingDependency>
        <Required type="26" schemaName="Departaments inactius" displayName="Departaments inactius" parentSchemaName="account" parentDisplayName="Entitat" solution="Active" id="{a31f1a51-156b-ed11-9561-000d3ab3f701}" />
        <Dependent type="80" schemaName="pfc_CTTIFiscalidaddePoliticaFiscalCorpor" displayName="CTTI V1 - Fiscalidad de Politica Fiscal Corporativa" />
      </MissingDependency>
      <MissingDependency>
        <Required type="26" schemaName="Operacions de transcendència tributaria - Resposta" displayName="Operacions de transcendència tributaria - Resposta" parentSchemaName="pfc_tax_transcendence_operation" parentDisplayName="Operació d'especial transcendència tributària" solution="Active" id="{a45dc7eb-77cd-ed11-b597-000d3adea4bc}" />
        <Dependent type="80" schemaName="pfc_CTTIFiscalidaddePoliticaFiscalCorpor" displayName="CTTI V1 - Fiscalidad de Politica Fiscal Corporativa" />
      </MissingDependency>
      <MissingDependency>
        <Required type="26" schemaName="Consultes - Control presupuestari" displayName="Consultes - Control presupuestari" parentSchemaName="pfc_query" parentDisplayName="Consulta" solution="Active" id="{ac0df919-b6ab-ed11-aad0-000d3adf7052}" />
        <Dependent type="80" schemaName="pfc_CTTIFiscalidaddePoliticaFiscalCorpor" displayName="CTTI V1 - Fiscalidad de Politica Fiscal Corporativa" />
      </MissingDependency>
      <MissingDependency>
        <Required type="26" schemaName="Àmbit subjectiu" displayName="Àmbit subjectiu" parentSchemaName="account" parentDisplayName="Entitat" solution="Active" id="{b30e5090-d4b1-ed11-83ff-000d3ad9cd83}" />
        <Dependent type="80" schemaName="cr9eb_CTTIFormacion" displayName="CTTI - Comunicació" />
      </MissingDependency>
      <MissingDependency>
        <Required type="26" schemaName="Visualització associada de Operacion de transcendència tributaria" displayName="Visualització associada de Operacion de transcendència tributaria" parentSchemaName="pfc_tax_transcendence_operation" parentDisplayName="Operació d'especial transcendència tributària" solution="Active" id="{b5d2cb31-d09a-4dee-96cf-ba0e6d46a271}" />
        <Dependent type="80" schemaName="pfc_CTTIFiscalidaddePoliticaFiscalCorpor" displayName="CTTI V1 - Fiscalidad de Politica Fiscal Corporativa" />
      </MissingDependency>
      <MissingDependency>
        <Required type="26" schemaName="Operacions de transcendència tributaria - Esborrany" displayName="Operacions de transcendència tributaria - Esborrany" parentSchemaName="pfc_tax_transcendence_operation" parentDisplayName="Operació d'especial transcendència tributària" solution="Active" id="{c35878b4-77cd-ed11-b597-000d3adea4bc}" />
        <Dependent type="80" schemaName="pfc_CTTIFiscalidaddePoliticaFiscalCorpor" displayName="CTTI V1 - Fiscalidad de Politica Fiscal Corporativa" />
      </MissingDependency>
      <MissingDependency>
        <Required type="26" schemaName="Consultes a DGT - Totes" displayName="Consultes a DGT - Totes" parentSchemaName="pfc_query_dgt" parentDisplayName="Consulta DGT" solution="Active" id="{c79a4cd6-aea3-ed11-aad1-000d3adf796b}" />
        <Dependent type="80" schemaName="pfc_CTTIFiscalidaddePoliticaFiscalCorpor" displayName="CTTI V1 - Fiscalidad de Politica Fiscal Corporativa" />
      </MissingDependency>
      <MissingDependency>
        <Required type="26" schemaName="Àmbit actiu" displayName="Àmbit actiu" parentSchemaName="pfc_ambit" parentDisplayName="Àmbit" solution="Active" id="{c86a1e07-78b8-4332-8be1-5802b1f42a76}" />
        <Dependent type="60" displayName="Informació" parentDisplayName="Operació d'especial transcendència tributària" id="{2912be2f-46f1-42e1-9713-0ee97924e292}" />
      </MissingDependency>
      <MissingDependency>
        <Required type="26" schemaName="Operacions de transcendència tributaria - En Curs" displayName="Operacions de transcendència tributaria - En Curs" parentSchemaName="pfc_tax_transcendence_operation" parentDisplayName="Operació d'especial transcendència tributària" solution="Active" id="{cc9f2894-76cd-ed11-b597-000d3adea4bc}" />
        <Dependent type="80" schemaName="pfc_CTTIFiscalidaddePoliticaFiscalCorpor" displayName="CTTI V1 - Fiscalidad de Politica Fiscal Corporativa" />
      </MissingDependency>
      <MissingDependency>
        <Required type="26" schemaName="Visualització de cerca de Registres de procés" displayName="Visualització de cerca de Registres de procés" parentSchemaName="pfc_processlogs" parentDisplayName="Registres de procés" solution="Active" id="{d1390359-6701-4ce1-afb8-bcf45c44b68e}" />
        <Dependent type="80" schemaName="pfc_CTTIFiscalidaddePoliticaFiscalCorpor" displayName="CTTI V1 - Fiscalidad de Politica Fiscal Corporativa" />
      </MissingDependency>
      <MissingDependency>
        <Required type="26" schemaName="Visualització de cerca avançada de Operacion de transcendència tributaria" displayName="Visualització de cerca avançada de Operacion de transcendència tributaria" parentSchemaName="pfc_tax_transcendence_operation" parentDisplayName="Operació d'especial transcendència tributària" solution="Active" id="{d338de52-b1ae-4dc9-a039-0eef7152f60a}" />
        <Dependent type="80" schemaName="pfc_CTTIFiscalidaddePoliticaFiscalCorpor" displayName="CTTI V1 - Fiscalidad de Politica Fiscal Corporativa" />
      </MissingDependency>
      <MissingDependency>
        <Required type="26" schemaName="Consultes a DGT - Pendent de reposta" displayName="Consultes a DGT - Pendent de reposta" parentSchemaName="pfc_query_dgt" parentDisplayName="Consulta DGT" solution="Active" id="{d4084e93-25b4-ed11-83ff-000d3adf72a2}" />
        <Dependent type="80" schemaName="pfc_CTTIFiscalidaddePoliticaFiscalCorpor" displayName="CTTI V1 - Fiscalidad de Politica Fiscal Corporativa" />
      </MissingDependency>
      <MissingDependency>
        <Required type="26" schemaName="Entitats actives" displayName="Entitats actives" parentSchemaName="account" parentDisplayName="Entitat" solution="Active" id="{d58eb585-5866-ed11-9561-000d3ab3f701}" />
        <Dependent type="80" schemaName="cr9eb_CTTIFormacion" displayName="CTTI - Comunicació" />
      </MissingDependency>
      <MissingDependency>
        <Required type="26" schemaName="Entitats actives" displayName="Entitats actives" parentSchemaName="account" parentDisplayName="Entitat" solution="Active" id="{d58eb585-5866-ed11-9561-000d3ab3f701}" />
        <Dependent type="80" schemaName="pfc_CTTIFiscalidaddePoliticaFiscalCorpor" displayName="CTTI V1 - Fiscalidad de Politica Fiscal Corporativa" />
      </MissingDependency>
      <MissingDependency>
        <Required type="26" schemaName="Actualització massiva" displayName="Actualització massiva" parentSchemaName="pfc_query_dgt" parentDisplayName="Consulta DGT" solution="Active" id="{da903ed3-8891-ed11-aad1-000d3adead20}" />
        <Dependent type="80" schemaName="pfc_CTTIFiscalidaddePoliticaFiscalCorpor" displayName="CTTI V1 - Fiscalidad de Politica Fiscal Corporativa" />
      </MissingDependency>
      <MissingDependency>
        <Required type="26" schemaName="Contactes responsables sense permisos" displayName="Contactes responsables sense permisos" parentSchemaName="contact" parentDisplayName="Contacte" solution="Active" id="{db1b8d04-5804-ee11-8f6e-000d3adea4bc}" />
        <Dependent type="80" schemaName="pfc_CTTIFiscalidaddePoliticaFiscalCorpor" displayName="CTTI V1 - Fiscalidad de Politica Fiscal Corporativa" />
      </MissingDependency>
      <MissingDependency>
        <Required type="26" schemaName="Consultes a DGT - Resposta" displayName="Consultes a DGT - Resposta" parentSchemaName="pfc_query_dgt" parentDisplayName="Consulta DGT" solution="Active" id="{dc60c2e2-25b4-ed11-83ff-000d3adf72a2}" />
        <Dependent type="80" schemaName="pfc_CTTIFiscalidaddePoliticaFiscalCorpor" displayName="CTTI V1 - Fiscalidad de Politica Fiscal Corporativa" />
      </MissingDependency>
      <MissingDependency>
        <Required type="26" schemaName="Consultes - Finalitzada" displayName="Consultes - Finalitzada" parentSchemaName="pfc_query" parentDisplayName="Consulta" solution="Active" id="{e4000e09-61ac-ed11-aad0-000d3adf7052}" />
        <Dependent type="80" schemaName="pfc_CTTIFiscalidaddePoliticaFiscalCorpor" displayName="CTTI V1 - Fiscalidad de Politica Fiscal Corporativa" />
      </MissingDependency>
      <MissingDependency>
        <Required type="26" schemaName="Consultes a DGT - En Esborrany" displayName="Consultes a DGT - En Esborrany" parentSchemaName="pfc_query_dgt" parentDisplayName="Consulta DGT" solution="Active" id="{e71c1d02-25b4-ed11-83ff-000d3ad9cd83}" />
        <Dependent type="80" schemaName="pfc_CTTIFiscalidaddePoliticaFiscalCorpor" displayName="CTTI V1 - Fiscalidad de Politica Fiscal Corporativa" />
      </MissingDependency>
      <MissingDependency>
        <Required type="26" schemaName="Actualització massiva" displayName="Actualització massiva" parentSchemaName="account" parentDisplayName="Entitat" solution="Active" id="{e9d2820a-8991-ed11-aad1-000d3adead20}" />
        <Dependent type="80" schemaName="cr9eb_CTTIFormacion" displayName="CTTI - Comunicació" />
      </MissingDependency>
      <MissingDependency>
        <Required type="26" schemaName="Actualització massiva" displayName="Actualització massiva" parentSchemaName="account" parentDisplayName="Entitat" solution="Active" id="{e9d2820a-8991-ed11-aad1-000d3adead20}" />
        <Dependent type="80" schemaName="pfc_CTTIFiscalidaddePoliticaFiscalCorpor" displayName="CTTI V1 - Fiscalidad de Politica Fiscal Corporativa" />
      </MissingDependency>
      <MissingDependency>
        <Required type="26" schemaName="Registres de procés actiu" displayName="Registres de procés actiu" parentSchemaName="pfc_processlogs" parentDisplayName="Registres de procés" solution="Active" id="{eb818f74-bb16-439b-a846-1f3d17620e45}" />
        <Dependent type="80" schemaName="pfc_CTTIFiscalidaddePoliticaFiscalCorpor" displayName="CTTI V1 - Fiscalidad de Politica Fiscal Corporativa" />
      </MissingDependency>
      <MissingDependency>
        <Required type="26" schemaName="Històric d'estats actiu" displayName="Històric d'estats actiu" parentSchemaName="pfc_historyofstates" parentDisplayName="Històric d'estats" solution="Active" id="{fd42a128-ce33-495e-8290-b921930cbc5e}" />
        <Dependent type="60" displayName="Informació" parentDisplayName="Operació d'especial transcendència tributària" id="{2912be2f-46f1-42e1-9713-0ee97924e292}" />
      </MissingDependency>
      <MissingDependency>
        <Required type="26" schemaName="Consultes - En Esborrany" displayName="Consultes - En Esborrany" parentSchemaName="pfc_query" parentDisplayName="Consulta" solution="Active" id="{fd500b4c-08b1-ed11-83ff-000d3adf7228}" />
        <Dependent type="80" schemaName="pfc_CTTIFiscalidaddePoliticaFiscalCorpor" displayName="CTTI V1 - Fiscalidad de Politica Fiscal Corporativa" />
      </MissingDependency>
      <MissingDependency>
        <Required type="59" schemaName="Les meves consultes actives" displayName="Les meves consultes actives" parentSchemaName="pfc_query" parentDisplayName="Consulta" solution="Active" id="{cc7c6ef2-196b-ed11-9561-000d3ab3f701}" />
        <Dependent type="80" schemaName="pfc_CTTIFiscalidaddePoliticaFiscalCorpor" displayName="CTTI V1 - Fiscalidad de Politica Fiscal Corporativa" />
      </MissingDependency>
      <MissingDependency>
        <Required type="60" displayName="Correu electrònic" parentDisplayName="Correu electrònic" solution="msdynce_Activities (9.0.1.2033)" id="{0d1e47ff-12b2-4f53-9090-bee951b98cb4}" />
        <Dependent type="80" schemaName="pfc_CTTIFiscalidaddePoliticaFiscalCorpor" displayName="CTTI V1 - Fiscalidad de Politica Fiscal Corporativa" />
      </MissingDependency>
      <MissingDependency>
        <Required type="60" displayName="Novetats" solution="Active" id="{0dbd1e26-6df8-ed11-8849-000d3adf90aa}" />
        <Dependent type="80" schemaName="cr9eb_CTTIFormacion" displayName="CTTI - Comunicació" />
      </MissingDependency>
      <MissingDependency>
        <Required type="60" displayName="Informació" parentDisplayName="Sol·licitud de formació" solution="Active" id="{1664d773-3ae7-42b9-97f1-211ca0c37581}" />
        <Dependent type="80" schemaName="cr9eb_CTTIFormacion" displayName="CTTI - Comunicació" />
      </MissingDependency>
      <MissingDependency>
        <Required type="60" displayName="Informació" parentDisplayName="Entitat" solution="Active" id="{2fa26e4a-ea60-ed11-9561-000d3ab3f701}" />
        <Dependent type="80" schemaName="cr9eb_CTTIFormacion" displayName="CTTI - Comunicació" />
      </MissingDependency>
      <MissingDependency>
        <Required type="60" displayName="Informació" parentDisplayName="Entitat" solution="Active" id="{2fa26e4a-ea60-ed11-9561-000d3ab3f701}" />
        <Dependent type="80" schemaName="pfc_CTTIFiscalidaddePoliticaFiscalCorpor" displayName="CTTI V1 - Fiscalidad de Politica Fiscal Corporativa" />
      </MissingDependency>
      <MissingDependency>
        <Required type="60" displayName="El meu panell" solution="Active" id="{579fd6ea-679d-ed11-aad0-000d3adf90aa}" />
        <Dependent type="80" schemaName="pfc_CTTIFiscalidaddePoliticaFiscalCorpor" displayName="CTTI V1 - Fiscalidad de Politica Fiscal Corporativa" />
      </MissingDependency>
      <MissingDependency>
        <Required type="60" displayName="Consultes" solution="Active" id="{5f4b9a38-1f6b-ed11-9561-000d3ab3f701}" />
        <Dependent type="80" schemaName="pfc_CTTIFiscalidaddePoliticaFiscalCorpor" displayName="CTTI V1 - Fiscalidad de Politica Fiscal Corporativa" />
      </MissingDependency>
      <MissingDependency>
        <Required type="60" displayName="Esdeveniment formulario principal" parentDisplayName="Curs" solution="Active" id="{6894d73a-a4bd-ed11-83fe-000d3adf727d}" />
        <Dependent type="80" schemaName="cr9eb_CTTIFormacion" displayName="CTTI - Comunicació" />
      </MissingDependency>
      <MissingDependency>
        <Required type="60" displayName="Llista de màrqueting" parentDisplayName="Llista de màrqueting" solution="msdynce_Marketing (9.0.4.37)" id="{6e77626b-e693-44f0-a1c7-359b1a7a9a4c}">
          <package>msdynce_MarketingAnchor (9.0.23062.10001)</package>
        </Required>
        <Dependent type="80" schemaName="cr9eb_CTTIFormacion" displayName="CTTI - Comunicació" />
      </MissingDependency>
      <MissingDependency>
        <Required type="60" displayName="Informació" parentDisplayName="Consulta" solution="Active" id="{7f67edb4-c33a-4ce2-8002-ed97d3ab5f06}" />
        <Dependent type="80" schemaName="pfc_CTTIFiscalidaddePoliticaFiscalCorpor" displayName="CTTI V1 - Fiscalidad de Politica Fiscal Corporativa" />
      </MissingDependency>
      <MissingDependency>
        <Required type="60" displayName="Formació" solution="Active" id="{8f7b69e6-a9da-ed11-a7c7-000d3adf7052}" />
        <Dependent type="80" schemaName="cr9eb_CTTIFormacion" displayName="CTTI - Comunicació" />
      </MissingDependency>
      <MissingDependency>
        <Required type="60" displayName="Informació detallada" parentDisplayName="Contacte" solution="Active" id="{9040028c-51b8-ed11-83ff-000d3adf7228}" />
        <Dependent type="80" schemaName="cr9eb_CTTIFormacion" displayName="CTTI - Comunicació" />
      </MissingDependency>
      <MissingDependency>
        <Required type="60" displayName="Informació detallada" parentDisplayName="Contacte" solution="Active" id="{9040028c-51b8-ed11-83ff-000d3adf7228}" />
        <Dependent type="80" schemaName="pfc_CTTIFiscalidaddePoliticaFiscalCorpor" displayName="CTTI V1 - Fiscalidad de Politica Fiscal Corporativa" />
      </MissingDependency>
      <MissingDependency>
        <Required type="60" displayName="Consultes a DGT" solution="Active" id="{a00dde90-1998-ed11-aad0-000d3adf90aa}" />
        <Dependent type="80" schemaName="pfc_CTTIFiscalidaddePoliticaFiscalCorpor" displayName="CTTI V1 - Fiscalidad de Politica Fiscal Corporativa" />
      </MissingDependency>
      <MissingDependency>
        <Required type="60" displayName="Entitats i contactes" solution="Active" id="{c53fb406-26ef-ed11-8849-000d3adf90aa}" />
        <Dependent type="80" schemaName="pfc_CTTIFiscalidaddePoliticaFiscalCorpor" displayName="CTTI V1 - Fiscalidad de Politica Fiscal Corporativa" />
      </MissingDependency>
      <MissingDependency>
        <Required type="60" displayName="Creació ràpida d'un compte" parentDisplayName="Entitat" solution="msdynce_AppCommon (9.0.4.0066)" id="{c9e7ec2d-efca-4e4c-b3e3-f63c4bba5e4b}">
          <package>msdynce_AppCommonAnchor (9.0.23062.10001)</package>
        </Required>
        <Dependent type="80" schemaName="pfc_CTTIFiscalidaddePoliticaFiscalCorpor" displayName="CTTI V1 - Fiscalidad de Politica Fiscal Corporativa" />
      </MissingDependency>
      <MissingDependency>
        <Required type="60" displayName="Perfil del client" parentDisplayName="Entitat" solution="OmnichannelBase (1.6.0.6046)" id="{e9a9c8a9-e94d-47a9-a6c3-ec37ddb83b99}">
          <package>UnifiedRoutingPrimeAnchor (1.5.16.6601)</package>
        </Required>
        <Dependent type="80" schemaName="pfc_CTTIFiscalidaddePoliticaFiscalCorpor" displayName="CTTI V1 - Fiscalidad de Politica Fiscal Corporativa" />
      </MissingDependency>
      <MissingDependency>
        <Required type="61" schemaName="cr0f3_DataFind24x24svg" displayName="cr0f3_DataFind24x24svg" solution="Active" />
        <Dependent type="62" schemaName="pfc_CTTIFiscalidaddePoliticaFiscalCorpor" />
      </MissingDependency>
      <MissingDependency>
        <Required type="61" schemaName="msdyn_/Images/AppModule_Default_Icon.png" displayName="msdyn_/Images/AppModule_Default_Icon.png" solution="AppModuleWebResources (2.5)" />
        <Dependent type="80" schemaName="cr9eb_CTTIFormacion" displayName="CTTI - Comunicació" />
      </MissingDependency>
      <MissingDependency>
        <Required type="61" schemaName="msdyn_/Images/AppModule_Default_Icon.png" displayName="msdyn_/Images/AppModule_Default_Icon.png" solution="AppModuleWebResources (2.5)" />
        <Dependent type="80" schemaName="pfc_CTTIFiscalidaddePoliticaFiscalCorpor" displayName="CTTI V1 - Fiscalidad de Politica Fiscal Corporativa" />
      </MissingDependency>
      <MissingDependency>
        <Required type="61" schemaName="pfc_Accounting16x16svg" displayName="pfc_Accounting16x16svg" solution="Active" />
        <Dependent type="1" schemaName="pfc_tax_transcendence_operation" displayName="Operació d'especial transcendència tributària" />
      </MissingDependency>
      <MissingDependency>
        <Required type="61" schemaName="pfc_Accounting24x24svg" displayName="pfc_Accounting24x24svg" solution="Active" />
        <Dependent type="62" schemaName="pfc_CTTIFiscalidaddePoliticaFiscalCorpor" />
      </MissingDependency>
      <MissingDependency>
        <Required type="61" schemaName="pfc_accounting32x32svg" displayName="pfc_accounting32x32svg" solution="Active" />
        <Dependent type="1" schemaName="pfc_tax_transcendence_operation" displayName="Operació d'especial transcendència tributària" />
      </MissingDependency>
      <MissingDependency>
        <Required type="61" schemaName="pfc_answerribbon" displayName="pfc_answerribbon" solution="Active" />
        <Dependent type="50" schemaName="pfc_answer:RibbonDiffXml" displayName="pfc_answer:RibbonDiffXml" parentSchemaName="ribboncustomization" parentDisplayName="Franges de l'aplicació" />
      </MissingDependency>
      <MissingDependency>
        <Required type="61" schemaName="pfc_icon/information" displayName="pfc_icon/information" solution="Active" />
        <Dependent type="1" schemaName="pfc_informationrequirement" displayName="Sol·licitud" />
      </MissingDependency>
      <MissingDependency>
        <Required type="61" schemaName="pfc_icon/information16" displayName="pfc_icon/information16" solution="Active" />
        <Dependent type="1" schemaName="pfc_informationrequirement" displayName="Sol·licitud" />
      </MissingDependency>
      <MissingDependency>
        <Required type="61" schemaName="pfc_icon/information32" displayName="pfc_icon/information32" solution="Active" />
        <Dependent type="1" schemaName="pfc_informationrequirement" displayName="Sol·licitud" />
      </MissingDependency>
      <MissingDependency>
        <Required type="61" schemaName="pfc_icon/reply" displayName="pfc_icon/reply" solution="Active" />
        <Dependent type="1" schemaName="pfc_answer" displayName="Resposta" />
      </MissingDependency>
      <MissingDependency>
        <Required type="61" schemaName="pfc_icon/reply16" displayName="pfc_icon/reply16" solution="Active" />
        <Dependent type="1" schemaName="pfc_answer" displayName="Resposta" />
      </MissingDependency>
      <MissingDependency>
        <Required type="61" schemaName="pfc_icon/reply32" displayName="pfc_icon/reply32" solution="Active" />
        <Dependent type="1" schemaName="pfc_answer" displayName="Resposta" />
      </MissingDependency>
      <MissingDependency>
        <Required type="61" schemaName="pfc_informationrequirement.form.main.js" displayName="pfc_informationrequirement.form.main.js" solution="Active" />
        <Dependent type="60" displayName="Informació" parentDisplayName="Sol·licitud" id="{40a481c3-f3bd-47f3-991a-5c0582b1fa91}" />
      </MissingDependency>
      <MissingDependency>
        <Required type="61" schemaName="pfc_informationrequirement.form.main.js" displayName="pfc_informationrequirement.form.main.js" solution="Active" />
        <Dependent type="60" displayName="PortalsInformationRequirementDetailsForm" parentDisplayName="Sol·licitud" id="{7fd25a27-92b3-ed11-83ff-000d3ad9cd83}" />
      </MissingDependency>
      <MissingDependency>
        <Required type="61" schemaName="pfc_informationrequirement.form.main.js" displayName="pfc_informationrequirement.form.main.js" solution="Active" />
        <Dependent type="60" displayName="PortalsInformationRequirementMultiStepForm" parentDisplayName="Sol·licitud" id="{c5d3a8d3-92b3-ed11-83ff-0022489fa802}" />
      </MissingDependency>
      <MissingDependency>
        <Required type="61" schemaName="pfc_mailsend16" displayName="pfc_mailsend16" solution="Active" />
        <Dependent type="50" schemaName="pfc_answer:RibbonDiffXml" displayName="pfc_answer:RibbonDiffXml" parentSchemaName="ribboncustomization" parentDisplayName="Franges de l'aplicació" />
      </MissingDependency>
      <MissingDependency>
        <Required type="61" schemaName="pfc_mailsend16" displayName="pfc_mailsend16" solution="Active" />
        <Dependent type="50" schemaName="pfc_informationrequirement:RibbonDiffXml" displayName="pfc_informationrequirement:RibbonDiffXml" parentSchemaName="ribboncustomization" parentDisplayName="Franges de l'aplicació" />
      </MissingDependency>
      <MissingDependency>
        <Required type="61" schemaName="pfc_mailsend32" displayName="pfc_mailsend32" solution="Active" />
        <Dependent type="50" schemaName="pfc_answer:RibbonDiffXml" displayName="pfc_answer:RibbonDiffXml" parentSchemaName="ribboncustomization" parentDisplayName="Franges de l'aplicació" />
      </MissingDependency>
      <MissingDependency>
        <Required type="61" schemaName="pfc_mailsend32" displayName="pfc_mailsend32" solution="Active" />
        <Dependent type="50" schemaName="pfc_informationrequirement:RibbonDiffXml" displayName="pfc_informationrequirement:RibbonDiffXml" parentSchemaName="ribboncustomization" parentDisplayName="Franges de l'aplicació" />
      </MissingDependency>
      <MissingDependency>
        <Required type="61" schemaName="pfc_query_dgt_16x16" displayName="pfc_query_dgt_16x16" solution="Active" />
        <Dependent type="1" schemaName="pfc_query_dgt" displayName="Consulta DGT" />
      </MissingDependency>
      <MissingDependency>
        <Required type="61" schemaName="pfc_query_dgt_32x32" displayName="pfc_query_dgt_32x32" solution="Active" />
        <Dependent type="1" schemaName="pfc_query_dgt" displayName="Consulta DGT" />
      </MissingDependency>
      <MissingDependency>
        <Required type="61" schemaName="pfc_query_dgt_svg" displayName="pfc_query_dgt_svg" solution="Active" />
        <Dependent type="1" schemaName="pfc_query_dgt" displayName="Consulta DGT" />
      </MissingDependency>
      <MissingDependency>
        <Required type="61" schemaName="pfc_query_dgt_svg" displayName="pfc_query_dgt_svg" solution="Active" />
        <Dependent type="62" schemaName="pfc_CTTIFiscalidaddePoliticaFiscalCorpor" />
      </MissingDependency>
      <MissingDependency>
        <Required type="61" schemaName="pfc_script/EOT.form" displayName="pfc_script/EOT.form" solution="Active" />
        <Dependent type="60" displayName="Informació" parentDisplayName="Operació d'especial transcendència tributària" id="{2912be2f-46f1-42e1-9713-0ee97924e292}" />
      </MissingDependency>
      <MissingDependency>
        <Required type="62" schemaName="cr9eb_CTTIFormacion" solution="Active" />
        <Dependent type="80" schemaName="cr9eb_CTTIFormacion" displayName="CTTI - Comunicació" />
      </MissingDependency>
      <MissingDependency>
        <Required type="9" schemaName="msft_datastate" displayName="DataState" solution="Basic" />
        <Dependent type="2" schemaName="msft_datastate" displayName="msft_DataState" parentSchemaName="pfc_answer" parentDisplayName="Resposta" />
      </MissingDependency>
      <MissingDependency>
        <Required type="9" schemaName="msft_datastate" displayName="DataState" solution="Basic" />
        <Dependent type="2" schemaName="msft_datastate" displayName="msft_DataState" parentSchemaName="pfc_informationrequirement" parentDisplayName="Sol·licitud" />
      </MissingDependency>
    </MissingDependencies>
  </SolutionManifest>
</ImportExportXml>